time_tolerance_h,hemi,satellite,dmsp_start,dmsp_end,dmsp_mid_event_hour,dmsp_n_sector,matched_dmsp_n,matched_fraction,guvi_start,guvi_end,guvi_mid_event_hour,guvi_orbits,median_signed_dt_h_guvi_minus_dmsp,median_abs_dt_h,min_abs_dt_h,median_abs_dmlat_deg,min_abs_dmlat_deg,median_abs_dmlt_h,min_abs_dmlt_h,dmsp_mlat_min,dmsp_mlat_max,dmsp_mlt_min,dmsp_mlt_max,guvi_mlat_min,guvi_mlat_max,guvi_mlt_min,guvi_mlt_max,guvi_on2_median,guvi_on2_p05,guvi_on2_min,drift_signed_median_kms,drift_abs_p95_kms,drift_abs_max_kms,westward_fraction_positive,westward_p95_kms_positive,westward_max_kms_positive,priority,dmsp_mid_time
0.5,S,F15,2015-03-17T14:28:02,2015-03-17T14:42:02,38.583888888888886,841,33,0.039239001189060645,2015-03-17T14:32:30.732421873,2015-03-17T14:32:30.732421873,38.541870117186946,71917,0.04214789496472093,0.04214789496472093,0.037703450520275794,2.157893608607438,1.385060275274114,0.44003308131415686,0.3535145627956382,-79.95933333333333,-45.034,12.495777777777779,14.443694444444445,-71.91243972472589,-71.91243972472589,12.920948400167324,12.920948400167324,0.18388155102729797,0.18388155102729797,0.18388155102729797,-1.0125,1.28834,1.3052000000000001,0.0,,,0.7352144752992565,2015-03-17 14:35:02.000
0.5,S,F15,2015-03-17T17:49:07,2015-03-17T18:01:22,41.92069444444444,736,55,0.07472826086956522,2015-03-17T17:46:03.500976558,2015-03-17T17:46:16.025390621,41.77111816406139,71919,-0.13499294704971732,0.13499294704971732,0.12749294704971703,1.9364538283954147,0.6666204950620767,0.44063644700236715,0.3869697803357024,-79.97283333333334,-45.02033333333333,14.804712962962963,17.226037037037035,-66.62245382839541,-66.37824616850173,14.901582636511097,15.00825244188652,0.16774418950080872,0.16774418950080872,0.1550906002521515,-0.29470999999999997,0.46913,0.51124,0.0,,,0.29324372404783516,2015-03-17 17:55:14.500
0.5,S,F15,2015-03-18T20:59:24,2015-03-18T21:07:21,69.05625,478,68,0.14225941422594143,2015-03-18T21:13:08.378906252,2015-03-18T21:13:08.378906252,69.21899414062555,71936,0.19885525173666707,0.19885525173666707,0.1895496961811034,1.547282642268712,0.20753264226871693,0.30447444190845374,0.12984018264919328,-67.204,-45.0275,15.994791666666666,17.999055555555554,-64.68603264226871,-64.68603264226871,16.997307965498955,16.997307965498955,0.1747320592403412,0.1747320592403412,0.1747320592403412,0.375905,0.6761229999999999,0.68565,1.0,0.6761229999999999,0.68565,0.49289493092260384,2015-03-18 21:03:22.500
0.5,S,F15,2015-03-17T19:31:49,2015-03-17T19:41:47,43.61333333333334,599,48,0.08013355592654424,2015-03-17T19:22:54.829101558,2015-03-17T19:23:09.990234378,43.38610839843833,71920,-0.2120860460061138,0.2120860460061138,0.20555826822833723,2.00842685025453,0.9430935169211949,0.4010583429928687,0.3176092689187975,-73.2075,-45.00366666666667,15.451708333333334,17.994310185185185,-65.1430935169212,-65.01828701811576,15.854656962225967,16.00095554589602,0.28525903820991516,0.28525903820991516,0.2620399296283722,0.52427,1.1118949999999999,1.4214,1.0,1.1118949999999999,1.4214,0.6489894598506837,2015-03-17 19:36:48.000
0.5,S,F15,2015-03-18T19:15:30,2015-03-18T19:25:54,67.345,625,110,0.176,2015-03-18T19:35:32.226562504,2015-03-18T19:36:17.050781252,67.60473632812555,71935,0.2784863281255525,0.2784863281255525,0.25089626736222215,1.2521666666666675,0.009267142156005548,0.27258147221750306,0.07399582406935679,-74.395,-45.004,15.349833333333335,17.995416666666667,-64.91843380882267,-64.64428155822895,15.673968033944583,16.074406953708422,0.13655459880828857,0.13655459880828857,0.13245967030525208,0.46111,1.100655,1.3753,0.8454545454545455,1.1451799999999994,1.3753,0.8934999332338958,2015-03-18 19:20:42.000
0.5,S,F15,2015-03-17T21:15:48,2015-03-17T21:23:29,45.3275,461,28,0.06073752711496746,2015-03-17T21:00:00.659179684,2015-03-17T21:00:00.659179684,45.00018310546778,71921,-0.29245578342111145,0.29245578342111145,0.28870578342111486,2.422541423924006,1.8645414239240097,0.42422502785134597,0.35097502785134793,-66.244,-45.002,16.072342592592594,17.998555555555555,-64.64787475725734,-64.64787475725734,16.92095089807458,16.92095089807458,0.16938015818595886,0.16938015818595886,0.16938015818595886,0.0551335,0.5872179999999998,0.68967,0.6428571428571429,0.6419509999999998,0.68967,0.26497359924523634,2015-03-17 21:19:38.500
0.5,S,F15,2015-03-18T20:49:30,2015-03-18T20:49:44,68.82694444444445,15,10,0.6666666666666666,2015-03-18T21:07:47.358398441,2015-03-18T21:13:08.378906252,69.17395019531278,71936,0.3465890842016748,0.3465890842016748,0.30371066623359866,1.1748116534210666,0.5721877615348205,0.040283894471798476,0.009741775192813051,-66.09733333333332,-65.535,12.172638888888889,17.679111111111112,-65.36447890513185,-62.71161998942233,14.093419352019694,16.997307965498955,0.208207368850708,0.1590078741312027,0.1461426317691803,-0.10633400000000001,0.20614799999999994,0.22872,0.0,,,0.09914380351559868,2015-03-18 20:49:37.000
0.5,S,F15,2015-03-18T17:33:21,2015-03-18T17:45:39,65.65833333333333,739,143,0.19350473612990526,2015-03-18T17:58:41.557617189,2015-03-18T17:59:23.085937495,65.98974609374861,71934,0.3547460937486022,0.3547460937486022,0.32348822699694324,1.7002080615858546,0.02020806158584776,0.260956832969633,0.1389938700066704,-79.96900000000001,-45.013,14.724208333333333,16.765166666666666,-66.20179193841415,-65.40243699204376,14.708244432308081,15.092052426289627,0.1764310896396637,0.1764310896396637,0.15017488598823547,-0.11628,0.398559,0.42904000000000003,0.3706293706293706,0.235362,0.25862,0.3074307291173912,2015-03-18 17:39:30.000
0.5,S,F15,2015-03-18T15:52:51,2015-03-18T16:06:13,63.992222222222225,803,131,0.16313823163138233,2015-03-18T16:22:20.551757810,2015-03-18T16:22:29.121093747,64.37475585937416,71933,0.4308669704852761,0.4308669704852761,0.4104310438361125,1.558724543326079,0.019775456673926328,0.3789017166784383,0.35080912408584375,-79.982,-45.00516666666667,14.137583333333334,14.44111111111111,-68.28344212334059,-68.03519646736615,13.926986880878644,14.006746431469711,0.17958810925483704,0.17958810925483704,0.1730004847049713,0.13633,1.19485,1.4815999999999998,0.732824427480916,0.5032099999999999,0.62551,0.8071606181712171,2015-03-18 15:59:32.000
